<?xml version="1.0" encoding="utf-8" standalone="yes" ?>
<?xml-stylesheet type="text/xsl" href="./modx.prosilver.en.xsl"?>
<!--For security purposes, please check: http
://www.phpbb.com/mods/ for the latest version of this MOD. Although MODs are checked before being allowed in the MODs Database there is no guarantee that there are no security problems within the MOD. No support will be given for MODs not found within the MODs Database which can be found at http://www.phpbb.com/mods/-->
<mod xmlns:xsi="http://www.w3.org/2001/XMLSchema-instance" xmlns="http://www.phpbb.com/mods/xml/modx-1.2.5.xsd">
	<header>
		<license>http://opensource.org/licenses/gpl-license.php GNU General Public License v2</license>

		<title lang="en">Infractions</title>
		
		<description lang="en">An infractions system for phpBB</description>

		<author-notes lang="en"></author-notes>

		<author-group>
			<author>
				<username phpbbcom="yes">Nelsaidi</username>
			</author>
		</author-group>

		<mod-version>1.0b</mod-version>	

		<installation>
			<level>easy</level>
			<time>600</time>
			<target-version>3.0.10</target-version>
		</installation>
	</header>
	
	<action-group>
	
		<php-installer>infractions_umil.php</php-installer>
		
		<diy-instructions lang="en">You may want to disable the warnings module entirely from the ACP</diy-instructions>
	
		<copy>
			<file from="root/*.*" to="*.*" />
		</copy>		
		
		<open src="includes/constants.php">
			<edit>
				<find>define('ZEBRA_TABLE',				$table_prefix . 'zebra');</find>
				<action type="after-add">define('INFRACTIONS_TABLE',			$table_prefix . 'infractions');
define('INFRACTION_TEMPLATES_TABLE', 	$table_prefix . 'infraction_templates');</action>
			</edit>
		</open>
		
		<open src="styles/prosilver/template/viewtopic_body.html">
			<edit>
				<find><![CDATA[	<!-- IF postrow.U_WARN --><li class="warn-icon"><a href="{postrow.U_WARN}" title="{L_WARN_USER}"><span>{L_WARN_USER}</span></a></li><!-- ENDIF -->]]></find>
				<action type="replace-with"><![CDATA[<!-- IF postrow.U_ISSUE_INFRACTION --><li class="warn-icon"><a href="{postrow.U_ISSUE_INFRACTION}" title="{L_ISSUE_INFRACTION}"><span>{L_ISSUE_INFRACTION}</span></a></li><!-- ENDIF -->]]></action>
			</edit>
		</open>
		
		<open src="viewtopic.php">
			<edit>
				<find><![CDATA['U_WARN'			=> ($auth->acl_get('m_warn') && $poster_id != $user->data['user_id'] && $poster_id != ANONYMOUS) ? append_sid("{$phpbb_root_path}mcp.$phpEx", 'i=warn&amp;mode=warn_post&amp;f=' . $forum_id . '&amp;p=' . $row['post_id'], true, $user->session_id) : '',]]></find>
				<action type="replace-with"><![CDATA['U_ISSUE_INFRACTION'	=> ($auth->acl_get('m_infractions_issue') && $poster_id != $user->data['user_id'] && $poster_id != ANONYMOUS) ? append_sid("{$phpbb_root_path}mcp.$phpEx", 'i=infractions&amp;mode=issue&amp;post_id=' . $row['post_id']) : '',]]></action>
			</edit>
		</open>
		
		<open src="memberlist.php">
			<edit>
				<find><![CDATA['WARNINGS'		=> isset($data['user_warnings']) ? $data['user_warnings'] : 0,]]></find>
				<action type="after-add"><![CDATA['INFRACTION_POINTS'	=> $data['infraction_points'],]]></action>
			</edit>
			
			<edit>
				<find><![CDATA['U_WARN'		=> ($warn_user_enabled && $auth->acl_get('m_warn')) ? append_sid("{$phpbb_root_path}mcp.$phpEx", 'i=warn&amp;mode=warn_user&amp;u=' . $user_id, true, $user->session_id) : '',]]></find>
				<action type="replace-with">'<![CDATA[U_ISSUE_INFRACTION'	=> ($auth->acl_get('m_infractions_issue')) ? append_sid("{$phpbb_root_path}mcp.$phpEx", 'i=infractions&amp;mode=issue&amp;user_id=' . $user_id) : '',
'U_VIEW_INFRACTIONS'	=> ($auth->acl_get('m_infractions')) ? append_sid("{$phpbb_root_path}mcp.$phpEx", 'i=infractions&amp;mode=view&amp;user_id=' . $user_id) : '',]]></action>
			</edit>
		</open>
		
		<open src="styles/prosilver/template/memberlist_view.html">
			<edit>
				<find><![CDATA[<dt>{L_WARNINGS}: </dt>]]></find>
				<action type="replace-with"><![CDATA[<dt>{L_INFRACTION_POINTS}: </dt>]]></action>
			</edit>
			
			<edit>
				<find><![CDATA[<dd><strong>{WARNINGS}</strong><!-- IF U_NOTES or U_WARN --> [ <!-- IF U_NOTES --><a href="{U_NOTES}">{L_VIEW_NOTES}</a><!-- ENDIF --> <!-- IF U_WARN --><!-- IF U_NOTES --> | <!-- ENDIF --><a href="{U_WARN}">{L_WARN_USER}</a><!-- ENDIF --> ]<!-- ENDIF --></dd>]]></find>
				<action type="replace-with"><![CDATA[<dd><strong>{INFRACTION_POINTS}</strong><!-- IF U_NOTES --> [<a href="{U_NOTES}">{L_VIEW_NOTES}</a>]<!-- ENDIF --><!-- IF U_ISSUE_INFRACTION --> [<a href="{U_ISSUE_INFRACTION}">{L_ISSUE_INFRACTION}</a>]<!-- ENDIF --><!-- IF U_VIEW_INFRACTIONS --> [<a href="{U_VIEW_INFRACTIONS}">{L_VIEW_INFRACTION}</a>]<!-- ENDIF --> </dd>]]></action>
			</edit>
		</open>
		<open src="includes/session.php">
			<edit>
				<find><![CDATA[$this->add_lang($lang_set);]]></find>
				<action type="after-add"><![CDATA[		$this->add_lang('infractions');
		include_once($phpbb_root_path . 'includes/functions_infractions.' . $phpEx);
		if(isset($config['infractions_installed']))
		{
			clear_expired_infractions($this->data['user_id']);
		}
		]]></action>
			</edit>
		</open>

	</action-group>
</mod>		